true_label,pred_prob,pred_label,entropy,variance,triage,index,correct,confidence,case_type
1,0.9993812441825867,1,0.005189808551222086,1.4412391919904621e-06,confident_pneumonia,348,1,0.9993812441825867,confident_correct_pneumonia
0,0.023160655051469803,0,0.11009715497493744,0.001213825773447752,confident_normal,89,1,0.9768393449485302,confident_correct_normal
1,0.49482622742652893,0,0.6930936574935913,0.009304826147854328,uncertain_refer,608,0,0.5051737725734711,uncertain_case
0,0.9977871179580688,1,0.015738796442747116,1.0604745511955116e-05,confident_pneumonia,510,0,0.9977871179580688,overconfident_error
