model,acc,auc,f1,precision,recall,specificity,ece
baseline_cnn_temp_scaled,0.8076923076923077,0.9226495726495726,0.8660714285714286,0.766798418972332,0.9948717948717949,0.49572649572649574,0.12323779456477124
latent_only_temp_scaled,0.8317307692307693,0.9169899189129959,0.8805460750853242,0.7914110429447853,0.9923076923076923,0.5641025641025641,0.11762834516897178
latent_quantum_hybrid_temp_scaled,0.8541666666666666,0.9222879684418146,0.8940628637951106,0.8187633262260128,0.9846153846153847,0.6367521367521367,0.10410928677316786
